<?xml version="1.0" encoding="UTF-8"?>
<office:document-styles
	xmlns:office="urn:oasis:names:tc:opendocument:xmlns:office:1.0"
	xmlns:style="urn:oasis:names:tc:opendocument:xmlns:style:1.0"
	xmlns:text="urn:oasis:names:tc:opendocument:xmlns:text:1.0"
	xmlns:table="urn:oasis:names:tc:opendocument:xmlns:table:1.0"
	xmlns:draw="urn:oasis:names:tc:opendocument:xmlns:drawing:1.0"
	xmlns:fo="urn:oasis:names:tc:opendocument:xmlns:xsl-fo-compatible:1.0"
	xmlns:xlink="http://www.w3.org/1999/xlink" xmlns:dc="http://purl.org/dc/elements/1.1/"
	xmlns:meta="urn:oasis:names:tc:opendocument:xmlns:meta:1.0"
	xmlns:number="urn:oasis:names:tc:opendocument:xmlns:datastyle:1.0"
	xmlns:presentation="urn:oasis:names:tc:opendocument:xmlns:presentation:1.0"
	xmlns:svg="urn:oasis:names:tc:opendocument:xmlns:svg-compatible:1.0"
	xmlns:chart="urn:oasis:names:tc:opendocument:xmlns:chart:1.0"
	xmlns:dr3d="urn:oasis:names:tc:opendocument:xmlns:dr3d:1.0" xmlns:math="http://www.w3.org/1998/Math/MathML"
	xmlns:form="urn:oasis:names:tc:opendocument:xmlns:form:1.0"
	xmlns:script="urn:oasis:names:tc:opendocument:xmlns:script:1.0"
	xmlns:ooo="http://openoffice.org/2004/office" xmlns:ooow="http://openoffice.org/2004/writer"
	xmlns:oooc="http://openoffice.org/2004/calc" xmlns:dom="http://www.w3.org/2001/xml-events"
	xmlns:smil="urn:oasis:names:tc:opendocument:xmlns:smil-compatible:1.0"
	xmlns:anim="urn:oasis:names:tc:opendocument:xmlns:animation:1.0"
	office:version="1.1">
	<office:styles>
		<draw:marker draw:name="Arrow" svg:viewBox="0 0 20 30"
			svg:d="m10 0-10 30h20z" />
		<style:default-style style:family="graphic">
			<style:paragraph-properties
				style:text-autospace="ideograph-alpha" style:punctuation-wrap="simple"
				style:line-break="strict" style:writing-mode="lr-tb"
				style:font-independent-line-spacing="false">
				<style:tab-stops />
			</style:paragraph-properties>
			<style:text-properties
				style:use-window-font-color="true" fo:font-family="&apos;Times New Roman&apos;"
				style:font-family-generic="roman" style:font-pitch="variable"
				fo:font-size="24pt" fo:language="de" fo:country="DE"
				style:font-family-asian="&apos;DejaVu Sans&apos;"
				style:font-family-generic-asian="system" style:font-pitch-asian="variable"
				style:font-size-asian="24pt" style:language-asian="zxx"
				style:country-asian="none" style:font-family-complex="&apos;DejaVu Sans&apos;"
				style:font-family-generic-complex="system" style:font-pitch-complex="variable"
				style:font-size-complex="24pt" style:language-complex="zxx"
				style:country-complex="none" />
		</style:default-style>
		<style:style style:name="standard" style:family="graphic">
			<style:graphic-properties draw:stroke="solid"
				svg:stroke-width="0cm" svg:stroke-color="#000000"
				draw:marker-start-width="0.3cm" draw:marker-start-center="false"
				draw:marker-end-width="0.3cm" draw:marker-end-center="false"
				draw:fill="solid" draw:fill-color="#99ccff" fo:padding-top="0.125cm"
				fo:padding-bottom="0.125cm" fo:padding-left="0.25cm"
				fo:padding-right="0.25cm" draw:shadow="hidden" draw:shadow-offset-x="0.3cm"
				draw:shadow-offset-y="0.3cm" draw:shadow-color="#808080">
				<text:list-style style:name="standard">
					<text:list-level-style-bullet
						text:level="1" text:bullet-char="●">
						<style:text-properties fo:font-family="StarSymbol"
							style:use-window-font-color="true" fo:font-size="45%" />
					</text:list-level-style-bullet>
					<text:list-level-style-bullet
						text:level="2" text:bullet-char="●">
						<style:list-level-properties
							text:space-before="0.6cm" text:min-label-width="0.6cm" />
						<style:text-properties fo:font-family="StarSymbol"
							style:use-window-font-color="true" fo:font-size="45%" />
					</text:list-level-style-bullet>
					<text:list-level-style-bullet
						text:level="3" text:bullet-char="●">
						<style:list-level-properties
							text:space-before="1.2cm" text:min-label-width="0.6cm" />
						<style:text-properties fo:font-family="StarSymbol"
							style:use-window-font-color="true" fo:font-size="45%" />
					</text:list-level-style-bullet>
					<text:list-level-style-bullet
						text:level="4" text:bullet-char="●">
						<style:list-level-properties
							text:space-before="1.8cm" text:min-label-width="0.6cm" />
						<style:text-properties fo:font-family="StarSymbol"
							style:use-window-font-color="true" fo:font-size="45%" />
					</text:list-level-style-bullet>
					<text:list-level-style-bullet
						text:level="5" text:bullet-char="●">
						<style:list-level-properties
							text:space-before="2.4cm" text:min-label-width="0.6cm" />
						<style:text-properties fo:font-family="StarSymbol"
							style:use-window-font-color="true" fo:font-size="45%" />
					</text:list-level-style-bullet>
					<text:list-level-style-bullet
						text:level="6" text:bullet-char="●">
						<style:list-level-properties
							text:space-before="3cm" text:min-label-width="0.6cm" />
						<style:text-properties fo:font-family="StarSymbol"
							style:use-window-font-color="true" fo:font-size="45%" />
					</text:list-level-style-bullet>
					<text:list-level-style-bullet
						text:level="7" text:bullet-char="●">
						<style:list-level-properties
							text:space-before="3.6cm" text:min-label-width="0.6cm" />
						<style:text-properties fo:font-family="StarSymbol"
							style:use-window-font-color="true" fo:font-size="45%" />
					</text:list-level-style-bullet>
					<text:list-level-style-bullet
						text:level="8" text:bullet-char="●">
						<style:list-level-properties
							text:space-before="4.2cm" text:min-label-width="0.6cm" />
						<style:text-properties fo:font-family="StarSymbol"
							style:use-window-font-color="true" fo:font-size="45%" />
					</text:list-level-style-bullet>
					<text:list-level-style-bullet
						text:level="9" text:bullet-char="●">
						<style:list-level-properties
							text:space-before="4.8cm" text:min-label-width="0.6cm" />
						<style:text-properties fo:font-family="StarSymbol"
							style:use-window-font-color="true" fo:font-size="45%" />
					</text:list-level-style-bullet>
					<text:list-level-style-bullet
						text:level="10" text:bullet-char="●">
						<style:list-level-properties
							text:space-before="5.4cm" text:min-label-width="0.6cm" />
						<style:text-properties fo:font-family="StarSymbol"
							style:use-window-font-color="true" fo:font-size="45%" />
					</text:list-level-style-bullet>
				</text:list-style>
			</style:graphic-properties>
			<style:paragraph-properties
				fo:margin-left="0cm" fo:margin-right="0cm" fo:margin-top="0cm"
				fo:margin-bottom="0cm" fo:line-height="100%" text:enable-numbering="false"
				fo:text-indent="0cm" />
			<style:text-properties
				style:use-window-font-color="true" style:text-outline="false"
				style:text-line-through-style="none" fo:font-family="Arial"
				style:font-family-generic="roman" style:font-pitch="variable"
				fo:font-size="18pt" fo:font-style="normal" fo:text-shadow="none"
				style:text-underline-style="none" fo:font-weight="normal"
				style:letter-kerning="true" style:font-family-asian="&apos;DejaVu Sans&apos;"
				style:font-family-generic-asian="system" style:font-pitch-asian="variable"
				style:font-size-asian="18pt" style:font-style-asian="normal"
				style:font-weight-asian="normal" style:font-family-complex="&apos;DejaVu Sans&apos;"
				style:font-family-generic-complex="system" style:font-pitch-complex="variable"
				style:font-size-complex="18pt" style:font-style-complex="normal"
				style:font-weight-complex="normal" style:text-emphasize="none"
				style:font-relief="none" />
		</style:style>
		<style:style style:name="objectwitharrow" style:family="graphic"
			style:parent-style-name="standard">
			<style:graphic-properties draw:stroke="solid"
				svg:stroke-width="0.15cm" svg:stroke-color="#000000"
				draw:marker-start="Arrow" draw:marker-start-width="0.7cm"
				draw:marker-start-center="true" draw:marker-end-width="0.3cm" />
		</style:style>
		<style:style style:name="objectwithshadow" style:family="graphic"
			style:parent-style-name="standard">
			<style:graphic-properties draw:shadow="visible"
				draw:shadow-offset-x="0.3cm" draw:shadow-offset-y="0.3cm"
				draw:shadow-color="#808080" />
		</style:style>
		<style:style style:name="objectwithoutfill" style:family="graphic"
			style:parent-style-name="standard">
			<style:graphic-properties draw:fill="none" />
		</style:style>
		<style:style style:name="text" style:family="graphic"
			style:parent-style-name="standard">
			<style:graphic-properties draw:stroke="none"
				draw:fill="none" />
		</style:style>
		<style:style style:name="textbody" style:family="graphic"
			style:parent-style-name="standard">
			<style:graphic-properties draw:stroke="none"
				draw:fill="none" />
			<style:text-properties fo:font-size="16pt" />
		</style:style>
		<style:style style:name="textbodyjustfied" style:family="graphic"
			style:parent-style-name="standard">
			<style:graphic-properties draw:stroke="none"
				draw:fill="none" />
			<style:paragraph-properties fo:text-align="justify" />
		</style:style>
		<style:style style:name="textbodyindent" style:family="graphic"
			style:parent-style-name="standard">
			<style:graphic-properties draw:stroke="none"
				draw:fill="none">
				<text:list-style style:name="textbodyindent">
					<text:list-level-style-bullet
						text:level="1" text:bullet-char="●">
						<style:list-level-properties
							text:space-before="0.6cm" text:min-label-width="-0.6cm"
							text:min-label-distance="0.6cm" />
						<style:text-properties fo:font-family="StarSymbol"
							style:use-window-font-color="true" fo:font-size="45%" />
					</text:list-level-style-bullet>
					<text:list-level-style-bullet
						text:level="2" text:bullet-char="●">
						<style:list-level-properties
							text:space-before="0.6cm" text:min-label-width="0.6cm" />
						<style:text-properties fo:font-family="StarSymbol"
							style:use-window-font-color="true" fo:font-size="45%" />
					</text:list-level-style-bullet>
					<text:list-level-style-bullet
						text:level="3" text:bullet-char="●">
						<style:list-level-properties
							text:space-before="1.2cm" text:min-label-width="0.6cm" />
						<style:text-properties fo:font-family="StarSymbol"
							style:use-window-font-color="true" fo:font-size="45%" />
					</text:list-level-style-bullet>
					<text:list-level-style-bullet
						text:level="4" text:bullet-char="●">
						<style:list-level-properties
							text:space-before="1.8cm" text:min-label-width="0.6cm" />
						<style:text-properties fo:font-family="StarSymbol"
							style:use-window-font-color="true" fo:font-size="45%" />
					</text:list-level-style-bullet>
					<text:list-level-style-bullet
						text:level="5" text:bullet-char="●">
						<style:list-level-properties
							text:space-before="2.4cm" text:min-label-width="0.6cm" />
						<style:text-properties fo:font-family="StarSymbol"
							style:use-window-font-color="true" fo:font-size="45%" />
					</text:list-level-style-bullet>
					<text:list-level-style-bullet
						text:level="6" text:bullet-char="●">
						<style:list-level-properties
							text:space-before="3cm" text:min-label-width="0.6cm" />
						<style:text-properties fo:font-family="StarSymbol"
							style:use-window-font-color="true" fo:font-size="45%" />
					</text:list-level-style-bullet>
					<text:list-level-style-bullet
						text:level="7" text:bullet-char="●">
						<style:list-level-properties
							text:space-before="3.6cm" text:min-label-width="0.6cm" />
						<style:text-properties fo:font-family="StarSymbol"
							style:use-window-font-color="true" fo:font-size="45%" />
					</text:list-level-style-bullet>
					<text:list-level-style-bullet
						text:level="8" text:bullet-char="●">
						<style:list-level-properties
							text:space-before="4.2cm" text:min-label-width="0.6cm" />
						<style:text-properties fo:font-family="StarSymbol"
							style:use-window-font-color="true" fo:font-size="45%" />
					</text:list-level-style-bullet>
					<text:list-level-style-bullet
						text:level="9" text:bullet-char="●">
						<style:list-level-properties
							text:space-before="4.8cm" text:min-label-width="0.6cm" />
						<style:text-properties fo:font-family="StarSymbol"
							style:use-window-font-color="true" fo:font-size="45%" />
					</text:list-level-style-bullet>
					<text:list-level-style-bullet
						text:level="10" text:bullet-char="●">
						<style:list-level-properties
							text:space-before="5.4cm" text:min-label-width="0.6cm" />
						<style:text-properties fo:font-family="StarSymbol"
							style:use-window-font-color="true" fo:font-size="45%" />
					</text:list-level-style-bullet>
				</text:list-style>
			</style:graphic-properties>
			<style:paragraph-properties
				fo:margin-left="0cm" fo:margin-right="0cm" fo:text-indent="0.6cm" />
		</style:style>
		<style:style style:name="title" style:family="graphic"
			style:parent-style-name="standard">
			<style:graphic-properties draw:stroke="none"
				draw:fill="none" />
			<style:text-properties fo:font-size="44pt" />
		</style:style>
		<style:style style:name="title1" style:family="graphic"
			style:parent-style-name="standard">
			<style:graphic-properties draw:stroke="none"
				draw:fill="solid" draw:fill-color="#008080" draw:shadow="visible"
				draw:shadow-offset-x="0.2cm" draw:shadow-offset-y="0.2cm"
				draw:shadow-color="#808080" />
			<style:paragraph-properties fo:text-align="center" />
			<style:text-properties fo:font-size="24pt" />
		</style:style>
		<style:style style:name="title2" style:family="graphic"
			style:parent-style-name="standard">
			<style:graphic-properties svg:stroke-width="0.05cm"
				draw:fill-color="#ffcc99" draw:shadow="visible"
				draw:shadow-offset-x="0.2cm" draw:shadow-offset-y="0.2cm"
				draw:shadow-color="#808080">
				<text:list-style style:name="title2">
					<text:list-level-style-bullet
						text:level="1" text:bullet-char="●">
						<style:text-properties fo:font-family="StarSymbol"
							style:use-window-font-color="true" fo:font-size="45%" />
					</text:list-level-style-bullet>
					<text:list-level-style-bullet
						text:level="2" text:bullet-char="●">
						<style:list-level-properties
							text:space-before="0.6cm" text:min-label-width="0.6cm" />
						<style:text-properties fo:font-family="StarSymbol"
							style:use-window-font-color="true" fo:font-size="45%" />
					</text:list-level-style-bullet>
					<text:list-level-style-bullet
						text:level="3" text:bullet-char="●">
						<style:list-level-properties
							text:space-before="1.2cm" text:min-label-width="0.6cm" />
						<style:text-properties fo:font-family="StarSymbol"
							style:use-window-font-color="true" fo:font-size="45%" />
					</text:list-level-style-bullet>
					<text:list-level-style-bullet
						text:level="4" text:bullet-char="●">
						<style:list-level-properties
							text:space-before="1.8cm" text:min-label-width="0.6cm" />
						<style:text-properties fo:font-family="StarSymbol"
							style:use-window-font-color="true" fo:font-size="45%" />
					</text:list-level-style-bullet>
					<text:list-level-style-bullet
						text:level="5" text:bullet-char="●">
						<style:list-level-properties
							text:space-before="2.4cm" text:min-label-width="0.6cm" />
						<style:text-properties fo:font-family="StarSymbol"
							style:use-window-font-color="true" fo:font-size="45%" />
					</text:list-level-style-bullet>
					<text:list-level-style-bullet
						text:level="6" text:bullet-char="●">
						<style:list-level-properties
							text:space-before="3cm" text:min-label-width="0.6cm" />
						<style:text-properties fo:font-family="StarSymbol"
							style:use-window-font-color="true" fo:font-size="45%" />
					</text:list-level-style-bullet>
					<text:list-level-style-bullet
						text:level="7" text:bullet-char="●">
						<style:list-level-properties
							text:space-before="3.6cm" text:min-label-width="0.6cm" />
						<style:text-properties fo:font-family="StarSymbol"
							style:use-window-font-color="true" fo:font-size="45%" />
					</text:list-level-style-bullet>
					<text:list-level-style-bullet
						text:level="8" text:bullet-char="●">
						<style:list-level-properties
							text:space-before="4.2cm" text:min-label-width="0.6cm" />
						<style:text-properties fo:font-family="StarSymbol"
							style:use-window-font-color="true" fo:font-size="45%" />
					</text:list-level-style-bullet>
					<text:list-level-style-bullet
						text:level="9" text:bullet-char="●">
						<style:list-level-properties
							text:space-before="4.8cm" text:min-label-width="0.6cm" />
						<style:text-properties fo:font-family="StarSymbol"
							style:use-window-font-color="true" fo:font-size="45%" />
					</text:list-level-style-bullet>
					<text:list-level-style-bullet
						text:level="10" text:bullet-char="●">
						<style:list-level-properties
							text:space-before="5.4cm" text:min-label-width="0.6cm" />
						<style:text-properties fo:font-family="StarSymbol"
							style:use-window-font-color="true" fo:font-size="45%" />
					</text:list-level-style-bullet>
				</text:list-style>
			</style:graphic-properties>
			<style:paragraph-properties
				fo:margin-left="0cm" fo:margin-right="0.2cm" fo:margin-top="0.1cm"
				fo:margin-bottom="0.1cm" fo:text-align="center" fo:text-indent="0cm" />
			<style:text-properties fo:font-size="36pt" />
		</style:style>
		<style:style style:name="headline" style:family="graphic"
			style:parent-style-name="standard">
			<style:graphic-properties draw:stroke="none"
				draw:fill="none" />
			<style:paragraph-properties fo:margin-top="0.42cm"
				fo:margin-bottom="0.21cm" />
			<style:text-properties fo:font-size="24pt" />
		</style:style>
		<style:style style:name="headline1" style:family="graphic"
			style:parent-style-name="standard">
			<style:graphic-properties draw:stroke="none"
				draw:fill="none" />
			<style:paragraph-properties fo:margin-top="0.42cm"
				fo:margin-bottom="0.21cm" />
			<style:text-properties fo:font-size="18pt"
				fo:font-weight="bold" />
		</style:style>
		<style:style style:name="headline2" style:family="graphic"
			style:parent-style-name="standard">
			<style:graphic-properties draw:stroke="none"
				draw:fill="none" />
			<style:paragraph-properties fo:margin-top="0.42cm"
				fo:margin-bottom="0.21cm" />
			<style:text-properties fo:font-size="0pt"
				fo:font-style="italic" fo:font-weight="bold" />
		</style:style>
		<style:style style:name="measure" style:family="graphic"
			style:parent-style-name="standard">
			<style:graphic-properties draw:stroke="solid"
				draw:marker-start="Arrow" draw:marker-start-width="0.2cm"
				draw:marker-end="Arrow" draw:marker-end-width="0.2cm" draw:fill="none"
				draw:show-unit="true" />
			<style:text-properties fo:font-size="12pt" />
		</style:style>
		<style:style style:name="Standard-title" style:family="presentation">
			<style:graphic-properties draw:stroke="none"
				draw:fill="none" draw:textarea-vertical-align="middle">
				<text:list-style style:name="Standard-title">
					<text:list-level-style-bullet
						text:level="1" text:bullet-char="●">
						<style:text-properties fo:font-family="StarSymbol"
							style:use-window-font-color="true" fo:font-size="45%" />
					</text:list-level-style-bullet>
					<text:list-level-style-bullet
						text:level="2" text:bullet-char="●">
						<style:list-level-properties
							text:space-before="0.6cm" text:min-label-width="0.6cm" />
						<style:text-properties fo:font-family="StarSymbol"
							style:use-window-font-color="true" fo:font-size="45%" />
					</text:list-level-style-bullet>
					<text:list-level-style-bullet
						text:level="3" text:bullet-char="●">
						<style:list-level-properties
							text:space-before="1.2cm" text:min-label-width="0.6cm" />
						<style:text-properties fo:font-family="StarSymbol"
							style:use-window-font-color="true" fo:font-size="45%" />
					</text:list-level-style-bullet>
					<text:list-level-style-bullet
						text:level="4" text:bullet-char="●">
						<style:list-level-properties
							text:space-before="1.8cm" text:min-label-width="0.6cm" />
						<style:text-properties fo:font-family="StarSymbol"
							style:use-window-font-color="true" fo:font-size="45%" />
					</text:list-level-style-bullet>
					<text:list-level-style-bullet
						text:level="5" text:bullet-char="●">
						<style:list-level-properties
							text:space-before="2.4cm" text:min-label-width="0.6cm" />
						<style:text-properties fo:font-family="StarSymbol"
							style:use-window-font-color="true" fo:font-size="45%" />
					</text:list-level-style-bullet>
					<text:list-level-style-bullet
						text:level="6" text:bullet-char="●">
						<style:list-level-properties
							text:space-before="3cm" text:min-label-width="0.6cm" />
						<style:text-properties fo:font-family="StarSymbol"
							style:use-window-font-color="true" fo:font-size="45%" />
					</text:list-level-style-bullet>
					<text:list-level-style-bullet
						text:level="7" text:bullet-char="●">
						<style:list-level-properties
							text:space-before="3.6cm" text:min-label-width="0.6cm" />
						<style:text-properties fo:font-family="StarSymbol"
							style:use-window-font-color="true" fo:font-size="45%" />
					</text:list-level-style-bullet>
					<text:list-level-style-bullet
						text:level="8" text:bullet-char="●">
						<style:list-level-properties
							text:space-before="4.2cm" text:min-label-width="0.6cm" />
						<style:text-properties fo:font-family="StarSymbol"
							style:use-window-font-color="true" fo:font-size="45%" />
					</text:list-level-style-bullet>
					<text:list-level-style-bullet
						text:level="9" text:bullet-char="●">
						<style:list-level-properties
							text:space-before="4.8cm" text:min-label-width="0.6cm" />
						<style:text-properties fo:font-family="StarSymbol"
							style:use-window-font-color="true" fo:font-size="45%" />
					</text:list-level-style-bullet>
				</text:list-style>
			</style:graphic-properties>
			<style:paragraph-properties fo:text-align="center"
				text:enable-numbering="false" />
			<style:text-properties
				style:use-window-font-color="true" style:text-outline="false"
				style:text-line-through-style="none" fo:font-family="Arial"
				style:font-family-generic="roman" style:font-pitch="variable"
				fo:font-size="44pt" fo:font-style="normal" fo:text-shadow="none"
				style:text-underline-style="none" fo:font-weight="normal"
				style:letter-kerning="true" style:font-family-asian="&apos;DejaVu Sans&apos;"
				style:font-family-generic-asian="system" style:font-pitch-asian="variable"
				style:font-size-asian="44pt" style:font-style-asian="normal"
				style:font-weight-asian="normal" style:font-family-complex="&apos;DejaVu Sans&apos;"
				style:font-family-generic-complex="system" style:font-pitch-complex="variable"
				style:font-size-complex="44pt" style:font-style-complex="normal"
				style:font-weight-complex="normal" style:text-emphasize="none"
				style:font-relief="none" />
		</style:style>
		<style:style style:name="Standard-subtitle" style:family="presentation">
			<style:graphic-properties draw:stroke="none"
				draw:fill="none" draw:textarea-vertical-align="middle">
				<text:list-style style:name="Standard-subtitle">
					<text:list-level-style-bullet
						text:level="1" text:bullet-char="●">
						<style:text-properties fo:font-family="StarSymbol"
							style:use-window-font-color="true" fo:font-size="45%" />
					</text:list-level-style-bullet>
					<text:list-level-style-bullet
						text:level="2" text:bullet-char="●">
						<style:list-level-properties
							text:space-before="0.6cm" text:min-label-width="0.6cm" />
						<style:text-properties fo:font-family="StarSymbol"
							style:use-window-font-color="true" fo:font-size="45%" />
					</text:list-level-style-bullet>
					<text:list-level-style-bullet
						text:level="3" text:bullet-char="●">
						<style:list-level-properties
							text:space-before="1.2cm" text:min-label-width="0.6cm" />
						<style:text-properties fo:font-family="StarSymbol"
							style:use-window-font-color="true" fo:font-size="45%" />
					</text:list-level-style-bullet>
					<text:list-level-style-bullet
						text:level="4" text:bullet-char="●">
						<style:list-level-properties
							text:space-before="1.8cm" text:min-label-width="0.6cm" />
						<style:text-properties fo:font-family="StarSymbol"
							style:use-window-font-color="true" fo:font-size="45%" />
					</text:list-level-style-bullet>
					<text:list-level-style-bullet
						text:level="5" text:bullet-char="●">
						<style:list-level-properties
							text:space-before="2.4cm" text:min-label-width="0.6cm" />
						<style:text-properties fo:font-family="StarSymbol"
							style:use-window-font-color="true" fo:font-size="45%" />
					</text:list-level-style-bullet>
					<text:list-level-style-bullet
						text:level="6" text:bullet-char="●">
						<style:list-level-properties
							text:space-before="3cm" text:min-label-width="0.6cm" />
						<style:text-properties fo:font-family="StarSymbol"
							style:use-window-font-color="true" fo:font-size="45%" />
					</text:list-level-style-bullet>
					<text:list-level-style-bullet
						text:level="7" text:bullet-char="●">
						<style:list-level-properties
							text:space-before="3.6cm" text:min-label-width="0.6cm" />
						<style:text-properties fo:font-family="StarSymbol"
							style:use-window-font-color="true" fo:font-size="45%" />
					</text:list-level-style-bullet>
					<text:list-level-style-bullet
						text:level="8" text:bullet-char="●">
						<style:list-level-properties
							text:space-before="4.2cm" text:min-label-width="0.6cm" />
						<style:text-properties fo:font-family="StarSymbol"
							style:use-window-font-color="true" fo:font-size="45%" />
					</text:list-level-style-bullet>
					<text:list-level-style-bullet
						text:level="9" text:bullet-char="●">
						<style:list-level-properties
							text:space-before="4.8cm" text:min-label-width="0.6cm" />
						<style:text-properties fo:font-family="StarSymbol"
							style:use-window-font-color="true" fo:font-size="45%" />
					</text:list-level-style-bullet>
				</text:list-style>
			</style:graphic-properties>
			<style:paragraph-properties
				fo:margin-left="0cm" fo:margin-right="0cm" fo:text-align="center"
				text:enable-numbering="false" fo:text-indent="-0.6cm" />
			<style:text-properties
				style:use-window-font-color="true" style:text-outline="false"
				style:text-line-through-style="none" fo:font-family="Arial"
				style:font-family-generic="roman" style:font-pitch="variable"
				fo:font-size="32pt" fo:font-style="normal" fo:text-shadow="none"
				style:text-underline-style="none" fo:font-weight="normal"
				style:letter-kerning="true" style:font-family-asian="&apos;DejaVu Sans&apos;"
				style:font-family-generic-asian="system" style:font-pitch-asian="variable"
				style:font-size-asian="32pt" style:font-style-asian="normal"
				style:font-weight-asian="normal" style:font-family-complex="&apos;DejaVu Sans&apos;"
				style:font-family-generic-complex="system" style:font-pitch-complex="variable"
				style:font-size-complex="32pt" style:font-style-complex="normal"
				style:font-weight-complex="normal" style:text-emphasize="none"
				style:font-relief="none" />
		</style:style>
		<style:style style:name="Standard-background"
			style:family="presentation">
			<style:graphic-properties draw:stroke="none"
				draw:fill="none" />
			<style:text-properties style:letter-kerning="true" />
		</style:style>
		<style:style style:name="Standard-backgroundobjects"
			style:family="presentation">
			<style:graphic-properties draw:shadow="hidden"
				draw:shadow-offset-x="0.3cm" draw:shadow-offset-y="0.3cm"
				draw:shadow-color="#808080" />
			<style:text-properties style:letter-kerning="true" />
		</style:style>
		<style:style style:name="Standard-notes" style:family="presentation">
			<style:graphic-properties draw:stroke="none"
				draw:fill="none">
				<text:list-style style:name="Standard-notes">
					<text:list-level-style-bullet
						text:level="1" text:bullet-char="●">
						<style:list-level-properties
							text:min-label-width="0.6cm" />
						<style:text-properties fo:font-family="StarSymbol"
							style:use-window-font-color="true" fo:font-size="45%" />
					</text:list-level-style-bullet>
					<text:list-level-style-bullet
						text:level="2" text:bullet-char="●">
						<style:list-level-properties
							text:space-before="0.6cm" text:min-label-width="0.6cm" />
						<style:text-properties fo:font-family="StarSymbol"
							style:use-window-font-color="true" fo:font-size="45%" />
					</text:list-level-style-bullet>
					<text:list-level-style-bullet
						text:level="3" text:bullet-char="●">
						<style:list-level-properties
							text:space-before="1.2cm" text:min-label-width="0.6cm" />
						<style:text-properties fo:font-family="StarSymbol"
							style:use-window-font-color="true" fo:font-size="45%" />
					</text:list-level-style-bullet>
					<text:list-level-style-bullet
						text:level="4" text:bullet-char="●">
						<style:list-level-properties
							text:space-before="1.8cm" text:min-label-width="0.6cm" />
						<style:text-properties fo:font-family="StarSymbol"
							style:use-window-font-color="true" fo:font-size="45%" />
					</text:list-level-style-bullet>
					<text:list-level-style-bullet
						text:level="5" text:bullet-char="●">
						<style:list-level-properties
							text:space-before="2.4cm" text:min-label-width="0.6cm" />
						<style:text-properties fo:font-family="StarSymbol"
							style:use-window-font-color="true" fo:font-size="45%" />
					</text:list-level-style-bullet>
					<text:list-level-style-bullet
						text:level="6" text:bullet-char="●">
						<style:list-level-properties
							text:space-before="3cm" text:min-label-width="0.6cm" />
						<style:text-properties fo:font-family="StarSymbol"
							style:use-window-font-color="true" fo:font-size="45%" />
					</text:list-level-style-bullet>
					<text:list-level-style-bullet
						text:level="7" text:bullet-char="●">
						<style:list-level-properties
							text:space-before="3.6cm" text:min-label-width="0.6cm" />
						<style:text-properties fo:font-family="StarSymbol"
							style:use-window-font-color="true" fo:font-size="45%" />
					</text:list-level-style-bullet>
					<text:list-level-style-bullet
						text:level="8" text:bullet-char="●">
						<style:list-level-properties
							text:space-before="4.2cm" text:min-label-width="0.6cm" />
						<style:text-properties fo:font-family="StarSymbol"
							style:use-window-font-color="true" fo:font-size="45%" />
					</text:list-level-style-bullet>
					<text:list-level-style-bullet
						text:level="9" text:bullet-char="●">
						<style:list-level-properties
							text:space-before="4.8cm" text:min-label-width="0.6cm" />
						<style:text-properties fo:font-family="StarSymbol"
							style:use-window-font-color="true" fo:font-size="45%" />
					</text:list-level-style-bullet>
					<text:list-level-style-bullet
						text:level="10" text:bullet-char="●">
						<style:list-level-properties
							text:space-before="5.4cm" text:min-label-width="0.6cm" />
						<style:text-properties fo:font-family="StarSymbol"
							style:use-window-font-color="true" fo:font-size="45%" />
					</text:list-level-style-bullet>
				</text:list-style>
			</style:graphic-properties>
			<style:paragraph-properties
				fo:margin-left="0.6cm" fo:margin-right="0cm" text:enable-numbering="false"
				fo:text-indent="-0.6cm" />
			<style:text-properties
				style:use-window-font-color="true" style:text-outline="false"
				style:text-line-through-style="none" fo:font-family="Arial"
				style:font-family-generic="roman" style:font-pitch="variable"
				fo:font-size="20pt" fo:font-style="normal" fo:text-shadow="none"
				style:text-underline-style="none" fo:font-weight="normal"
				style:letter-kerning="true" style:font-family-asian="&apos;DejaVu Sans&apos;"
				style:font-family-generic-asian="system" style:font-pitch-asian="variable"
				style:font-size-asian="20pt" style:font-style-asian="normal"
				style:font-weight-asian="normal" style:font-family-complex="&apos;DejaVu Sans&apos;"
				style:font-family-generic-complex="system" style:font-pitch-complex="variable"
				style:font-size-complex="20pt" style:font-style-complex="normal"
				style:font-weight-complex="normal" style:text-emphasize="none"
				style:font-relief="none" />
		</style:style>
		<style:style style:name="Standard-outline1" style:family="presentation">
			<style:graphic-properties draw:stroke="none"
				draw:fill="none">
				<text:list-style style:name="Standard-outline1">
					<text:list-level-style-bullet
						text:level="1" text:bullet-char="●">
						<style:list-level-properties
							text:space-before="0.3cm" text:min-label-width="0.9cm" />
						<style:text-properties fo:font-family="StarSymbol"
							style:use-window-font-color="true" fo:font-size="45%" />
					</text:list-level-style-bullet>
					<text:list-level-style-bullet
						text:level="2" text:bullet-char="–">
						<style:list-level-properties
							text:space-before="1.6cm" text:min-label-width="0.8cm" />
						<style:text-properties fo:font-family="StarSymbol"
							style:use-window-font-color="true" fo:font-size="75%" />
					</text:list-level-style-bullet>
					<text:list-level-style-bullet
						text:level="3" text:bullet-char="●">
						<style:list-level-properties
							text:space-before="3cm" text:min-label-width="0.6cm" />
						<style:text-properties fo:font-family="StarSymbol"
							style:use-window-font-color="true" fo:font-size="45%" />
					</text:list-level-style-bullet>
					<text:list-level-style-bullet
						text:level="4" text:bullet-char="–">
						<style:list-level-properties
							text:space-before="4.2cm" text:min-label-width="0.6cm" />
						<style:text-properties fo:font-family="StarSymbol"
							style:use-window-font-color="true" fo:font-size="75%" />
					</text:list-level-style-bullet>
					<text:list-level-style-bullet
						text:level="5" text:bullet-char="●">
						<style:list-level-properties
							text:space-before="5.4cm" text:min-label-width="0.6cm" />
						<style:text-properties fo:font-family="StarSymbol"
							style:use-window-font-color="true" fo:font-size="45%" />
					</text:list-level-style-bullet>
					<text:list-level-style-bullet
						text:level="6" text:bullet-char="●">
						<style:list-level-properties
							text:space-before="6.6cm" text:min-label-width="0.6cm" />
						<style:text-properties fo:font-family="StarSymbol"
							style:use-window-font-color="true" fo:font-size="45%" />
					</text:list-level-style-bullet>
					<text:list-level-style-bullet
						text:level="7" text:bullet-char="●">
						<style:list-level-properties
							text:space-before="7.8cm" text:min-label-width="0.6cm" />
						<style:text-properties fo:font-family="StarSymbol"
							style:use-window-font-color="true" fo:font-size="45%" />
					</text:list-level-style-bullet>
					<text:list-level-style-bullet
						text:level="8" text:bullet-char="●">
						<style:list-level-properties
							text:space-before="9cm" text:min-label-width="0.6cm" />
						<style:text-properties fo:font-family="StarSymbol"
							style:use-window-font-color="true" fo:font-size="45%" />
					</text:list-level-style-bullet>
					<text:list-level-style-bullet
						text:level="9" text:bullet-char="●">
						<style:list-level-properties
							text:space-before="10.2cm" text:min-label-width="0.6cm" />
						<style:text-properties fo:font-family="StarSymbol"
							style:use-window-font-color="true" fo:font-size="45%" />
					</text:list-level-style-bullet>
				</text:list-style>
			</style:graphic-properties>
			<style:paragraph-properties
				fo:margin-left="1.2cm" fo:margin-right="0cm" fo:margin-top="0cm"
				fo:margin-bottom="0.5cm" text:enable-numbering="true"
				fo:text-indent="-0.9cm" />
			<style:text-properties
				style:use-window-font-color="true" style:text-outline="false"
				style:text-line-through-style="none" fo:font-family="Arial"
				style:font-family-generic="roman" style:font-pitch="variable"
				fo:font-size="32pt" fo:font-style="normal" fo:text-shadow="none"
				style:text-underline-style="none" fo:font-weight="normal"
				style:letter-kerning="true" style:font-family-asian="&apos;DejaVu Sans&apos;"
				style:font-family-generic-asian="system" style:font-pitch-asian="variable"
				style:font-size-asian="32pt" style:font-style-asian="normal"
				style:font-weight-asian="normal" style:font-family-complex="&apos;DejaVu Sans&apos;"
				style:font-family-generic-complex="system" style:font-pitch-complex="variable"
				style:font-size-complex="32pt" style:font-style-complex="normal"
				style:font-weight-complex="normal" style:text-emphasize="none"
				style:font-relief="none" />
		</style:style>
		<style:style style:name="Standard-outline2" style:family="presentation"
			style:parent-style-name="Standard-outline1">
			<style:paragraph-properties
				fo:margin-left="2.4cm" fo:margin-right="0cm" fo:margin-top="0cm"
				fo:margin-bottom="0.4cm" fo:text-indent="-0.8cm" />
			<style:text-properties fo:font-size="28pt"
				style:font-size-asian="28pt" style:font-size-complex="28pt" />
		</style:style>
		<style:style style:name="Standard-outline3" style:family="presentation"
			style:parent-style-name="Standard-outline2">
			<style:paragraph-properties
				fo:margin-left="3.6cm" fo:margin-right="0cm" fo:margin-top="0cm"
				fo:margin-bottom="0.3cm" fo:text-indent="-0.6cm" />
			<style:text-properties fo:font-size="24pt"
				style:font-size-asian="24pt" style:font-size-complex="24pt" />
		</style:style>
		<style:style style:name="Standard-outline4" style:family="presentation"
			style:parent-style-name="Standard-outline3">
			<style:paragraph-properties
				fo:margin-left="4.8cm" fo:margin-right="0cm" fo:margin-top="0cm"
				fo:margin-bottom="0.2cm" fo:text-indent="-0.6cm" />
			<style:text-properties fo:font-size="20pt"
				style:font-size-asian="20pt" style:font-size-complex="20pt" />
		</style:style>
		<style:style style:name="Standard-outline5" style:family="presentation"
			style:parent-style-name="Standard-outline4">
			<style:paragraph-properties
				fo:margin-left="6cm" fo:margin-right="0cm" fo:margin-top="0cm"
				fo:margin-bottom="0.1cm" fo:text-indent="-0.6cm" />
			<style:text-properties fo:font-size="20pt"
				style:font-size-asian="20pt" style:font-size-complex="20pt" />
		</style:style>
		<style:style style:name="Standard-outline6" style:family="presentation"
			style:parent-style-name="Standard-outline5">
			<style:paragraph-properties
				fo:margin-left="7.2cm" fo:margin-right="0cm" fo:margin-top="0cm"
				fo:margin-bottom="0.1cm" fo:text-indent="-0.6cm" />
			<style:text-properties fo:font-size="20pt"
				style:font-size-asian="20pt" style:font-size-complex="20pt" />
		</style:style>
		<style:style style:name="Standard-outline7" style:family="presentation"
			style:parent-style-name="Standard-outline6">
			<style:paragraph-properties
				fo:margin-left="8.4cm" fo:margin-right="0cm" fo:margin-top="0cm"
				fo:margin-bottom="0.1cm" fo:text-indent="-0.6cm" />
			<style:text-properties fo:font-size="20pt"
				style:font-size-asian="20pt" style:font-size-complex="20pt" />
		</style:style>
		<style:style style:name="Standard-outline8" style:family="presentation"
			style:parent-style-name="Standard-outline7">
			<style:paragraph-properties
				fo:margin-left="9.6cm" fo:margin-right="0cm" fo:margin-top="0cm"
				fo:margin-bottom="0.1cm" fo:text-indent="-0.6cm" />
			<style:text-properties fo:font-size="20pt"
				style:font-size-asian="20pt" style:font-size-complex="20pt" />
		</style:style>
		<style:style style:name="Standard-outline9" style:family="presentation"
			style:parent-style-name="Standard-outline8">
			<style:paragraph-properties
				fo:margin-left="10.8cm" fo:margin-right="0cm" fo:margin-top="0cm"
				fo:margin-bottom="0.1cm" fo:text-indent="-0.6cm" />
			<style:text-properties fo:font-size="20pt"
				style:font-size-asian="20pt" style:font-size-complex="20pt" />
		</style:style>
		<style:presentation-page-layout
			style:name="AL0T26">
			<presentation:placeholder
				presentation:object="handout" svg:x="2.057cm" svg:y="1.743cm"
				svg:width="6.103cm" svg:height="-0.233cm" />
			<presentation:placeholder
				presentation:object="handout" svg:x="10.96cm" svg:y="1.743cm"
				svg:width="6.103cm" svg:height="-0.233cm" />
			<presentation:placeholder
				presentation:object="handout" svg:x="19.863cm" svg:y="1.743cm"
				svg:width="6.103cm" svg:height="-0.233cm" />
			<presentation:placeholder
				presentation:object="handout" svg:x="2.057cm" svg:y="3.612cm"
				svg:width="6.103cm" svg:height="-0.233cm" />
			<presentation:placeholder
				presentation:object="handout" svg:x="10.96cm" svg:y="3.612cm"
				svg:width="6.103cm" svg:height="-0.233cm" />
			<presentation:placeholder
				presentation:object="handout" svg:x="19.863cm" svg:y="3.612cm"
				svg:width="6.103cm" svg:height="-0.233cm" />
			<presentation:placeholder
				presentation:object="handout" svg:x="2.057cm" svg:y="5.481cm"
				svg:width="6.103cm" svg:height="-0.233cm" />
			<presentation:placeholder
				presentation:object="handout" svg:x="10.96cm" svg:y="5.481cm"
				svg:width="6.103cm" svg:height="-0.233cm" />
			<presentation:placeholder
				presentation:object="handout" svg:x="19.863cm" svg:y="5.481cm"
				svg:width="6.103cm" svg:height="-0.233cm" />
		</style:presentation-page-layout>
		<style:presentation-page-layout
			style:name="AL1T0">
			<presentation:placeholder
				presentation:object="title" svg:x="2.057cm" svg:y="1.743cm"
				svg:width="23.911cm" svg:height="3.507cm" />
			<presentation:placeholder
				presentation:object="subtitle" svg:x="2.057cm" svg:y="5.838cm"
				svg:width="23.911cm" svg:height="13.23cm" />
		</style:presentation-page-layout>
		<style:presentation-page-layout
			style:name="AL2T1">
			<presentation:placeholder
				presentation:object="title" svg:x="2.057cm" svg:y="1.743cm"
				svg:width="23.911cm" svg:height="3.507cm" />
			<presentation:placeholder
				presentation:object="outline" svg:x="2.057cm" svg:y="5.838cm"
				svg:width="23.911cm" svg:height="13.23cm" />
		</style:presentation-page-layout>
	</office:styles>
	<office:automatic-styles>
		<style:page-layout style:name="PM0">
			<style:page-layout-properties
				fo:margin-top="0cm" fo:margin-bottom="0cm" fo:margin-left="0cm"
				fo:margin-right="0cm" fo:page-width="29.7cm" fo:page-height="21cm"
				style:print-orientation="landscape" />
		</style:page-layout>
		<style:page-layout style:name="PM1">
			<style:page-layout-properties
				fo:margin-top="0cm" fo:margin-bottom="0cm" fo:margin-left="0cm"
				fo:margin-right="0cm" fo:page-width="28cm" fo:page-height="21cm"
				style:print-orientation="landscape" />
		</style:page-layout>
		<style:page-layout style:name="PM2">
			<style:page-layout-properties
				fo:margin-top="0cm" fo:margin-bottom="0cm" fo:margin-left="0cm"
				fo:margin-right="0cm" fo:page-width="21cm" fo:page-height="29.7cm"
				style:print-orientation="portrait" />
		</style:page-layout>
		<style:style style:name="dp1" style:family="drawing-page">
			<style:drawing-page-properties
				draw:background-size="border" draw:fill="none" />
		</style:style>
		<style:style style:name="dp2" style:family="drawing-page">
			<style:drawing-page-properties
				presentation:display-header="true" presentation:display-footer="true"
				presentation:display-page-number="false"
				presentation:display-date-time="true" />
		</style:style>
		<style:style style:name="gr1" style:family="graphic"
			style:parent-style-name="standard">
			<style:graphic-properties draw:stroke="none"
				draw:fill="none" draw:fill-color="#ffffff" draw:auto-grow-height="false"
				fo:min-height="1.05cm" />
		</style:style>
		<style:style style:name="gr2" style:family="graphic"
			style:parent-style-name="standard">
			<style:graphic-properties draw:stroke="none"
				draw:fill="none" draw:fill-color="#ffffff"
				draw:textarea-vertical-align="bottom" draw:auto-grow-height="false"
				fo:min-height="1.05cm" />
		</style:style>
		<style:style style:name="pr1" style:family="presentation"
			style:parent-style-name="Standard-backgroundobjects">
			<style:graphic-properties draw:stroke="none"
				draw:fill="none" draw:fill-color="#ffffff" draw:auto-grow-height="false"
				fo:min-height="1.449cm" />
		</style:style>
		<style:style style:name="pr2" style:family="presentation"
			style:parent-style-name="Standard-backgroundobjects">
			<style:graphic-properties draw:stroke="none"
				draw:fill="none" draw:fill-color="#ffffff" draw:auto-grow-height="false"
				fo:min-height="1.485cm" />
		</style:style>
		<style:style style:name="pr3" style:family="presentation"
			style:parent-style-name="Standard-backgroundobjects">
			<style:graphic-properties draw:stroke="none"
				draw:fill="none" draw:fill-color="#ffffff"
				draw:textarea-vertical-align="bottom" draw:auto-grow-height="false"
				fo:min-height="1.485cm" />
		</style:style>
		<style:style style:name="P1" style:family="paragraph">
			<style:paragraph-properties
				fo:margin-left="0cm" fo:margin-right="0cm" fo:text-indent="0cm" />
			<style:text-properties fo:font-size="14pt"
				style:font-size-asian="14pt" style:font-size-complex="14pt" />
		</style:style>
		<style:style style:name="P2" style:family="paragraph">
			<style:paragraph-properties
				fo:margin-left="0cm" fo:margin-right="0cm" fo:text-align="end"
				fo:text-indent="0cm" />
			<style:text-properties fo:font-size="14pt"
				style:font-size-asian="14pt" style:font-size-complex="14pt" />
		</style:style>
		<style:style style:name="P3" style:family="paragraph">
			<style:paragraph-properties
				fo:margin-left="0cm" fo:margin-right="0cm" fo:text-align="center"
				fo:text-indent="0cm" />
			<style:text-properties fo:font-size="14pt"
				style:font-size-asian="14pt" style:font-size-complex="14pt" />
		</style:style>
		<text:list-style style:name="L1">
			<text:list-level-style-bullet
				text:level="1" text:bullet-char="●">
				<style:text-properties fo:font-family="StarSymbol"
					style:use-window-font-color="true" fo:font-size="45%" />
			</text:list-level-style-bullet>
			<text:list-level-style-bullet
				text:level="2" text:bullet-char="●">
				<style:list-level-properties
					text:space-before="0.6cm" text:min-label-width="0.6cm" />
				<style:text-properties fo:font-family="StarSymbol"
					style:use-window-font-color="true" fo:font-size="45%" />
			</text:list-level-style-bullet>
			<text:list-level-style-bullet
				text:level="3" text:bullet-char="●">
				<style:list-level-properties
					text:space-before="1.2cm" text:min-label-width="0.6cm" />
				<style:text-properties fo:font-family="StarSymbol"
					style:use-window-font-color="true" fo:font-size="45%" />
			</text:list-level-style-bullet>
			<text:list-level-style-bullet
				text:level="4" text:bullet-char="●">
				<style:list-level-properties
					text:space-before="1.8cm" text:min-label-width="0.6cm" />
				<style:text-properties fo:font-family="StarSymbol"
					style:use-window-font-color="true" fo:font-size="45%" />
			</text:list-level-style-bullet>
			<text:list-level-style-bullet
				text:level="5" text:bullet-char="●">
				<style:list-level-properties
					text:space-before="2.4cm" text:min-label-width="0.6cm" />
				<style:text-properties fo:font-family="StarSymbol"
					style:use-window-font-color="true" fo:font-size="45%" />
			</text:list-level-style-bullet>
			<text:list-level-style-bullet
				text:level="6" text:bullet-char="●">
				<style:list-level-properties
					text:space-before="3cm" text:min-label-width="0.6cm" />
				<style:text-properties fo:font-family="StarSymbol"
					style:use-window-font-color="true" fo:font-size="45%" />
			</text:list-level-style-bullet>
			<text:list-level-style-bullet
				text:level="7" text:bullet-char="●">
				<style:list-level-properties
					text:space-before="3.6cm" text:min-label-width="0.6cm" />
				<style:text-properties fo:font-family="StarSymbol"
					style:use-window-font-color="true" fo:font-size="45%" />
			</text:list-level-style-bullet>
			<text:list-level-style-bullet
				text:level="8" text:bullet-char="●">
				<style:list-level-properties
					text:space-before="4.2cm" text:min-label-width="0.6cm" />
				<style:text-properties fo:font-family="StarSymbol"
					style:use-window-font-color="true" fo:font-size="45%" />
			</text:list-level-style-bullet>
			<text:list-level-style-bullet
				text:level="9" text:bullet-char="●">
				<style:list-level-properties
					text:space-before="4.8cm" text:min-label-width="0.6cm" />
				<style:text-properties fo:font-family="StarSymbol"
					style:use-window-font-color="true" fo:font-size="45%" />
			</text:list-level-style-bullet>
			<text:list-level-style-bullet
				text:level="10" text:bullet-char="●">
				<style:list-level-properties
					text:space-before="5.4cm" text:min-label-width="0.6cm" />
				<style:text-properties fo:font-family="StarSymbol"
					style:use-window-font-color="true" fo:font-size="45%" />
			</text:list-level-style-bullet>
		</text:list-style>
		<text:list-style style:name="L2">
			<text:list-level-style-bullet
				text:level="1" text:bullet-char="●">
				<style:text-properties fo:font-family="StarSymbol"
					style:use-window-font-color="true" fo:font-size="45%" />
			</text:list-level-style-bullet>
			<text:list-level-style-bullet
				text:level="2" text:bullet-char="●">
				<style:list-level-properties
					text:space-before="0.6cm" text:min-label-width="0.6cm" />
				<style:text-properties fo:font-family="StarSymbol"
					style:use-window-font-color="true" fo:font-size="45%" />
			</text:list-level-style-bullet>
			<text:list-level-style-bullet
				text:level="3" text:bullet-char="●">
				<style:list-level-properties
					text:space-before="1.2cm" text:min-label-width="0.6cm" />
				<style:text-properties fo:font-family="StarSymbol"
					style:use-window-font-color="true" fo:font-size="45%" />
			</text:list-level-style-bullet>
			<text:list-level-style-bullet
				text:level="4" text:bullet-char="●">
				<style:list-level-properties
					text:space-before="1.8cm" text:min-label-width="0.6cm" />
				<style:text-properties fo:font-family="StarSymbol"
					style:use-window-font-color="true" fo:font-size="45%" />
			</text:list-level-style-bullet>
			<text:list-level-style-bullet
				text:level="5" text:bullet-char="●">
				<style:list-level-properties
					text:space-before="2.4cm" text:min-label-width="0.6cm" />
				<style:text-properties fo:font-family="StarSymbol"
					style:use-window-font-color="true" fo:font-size="45%" />
			</text:list-level-style-bullet>
			<text:list-level-style-bullet
				text:level="6" text:bullet-char="●">
				<style:list-level-properties
					text:space-before="3cm" text:min-label-width="0.6cm" />
				<style:text-properties fo:font-family="StarSymbol"
					style:use-window-font-color="true" fo:font-size="45%" />
			</text:list-level-style-bullet>
			<text:list-level-style-bullet
				text:level="7" text:bullet-char="●">
				<style:list-level-properties
					text:space-before="3.6cm" text:min-label-width="0.6cm" />
				<style:text-properties fo:font-family="StarSymbol"
					style:use-window-font-color="true" fo:font-size="45%" />
			</text:list-level-style-bullet>
			<text:list-level-style-bullet
				text:level="8" text:bullet-char="●">
				<style:list-level-properties
					text:space-before="4.2cm" text:min-label-width="0.6cm" />
				<style:text-properties fo:font-family="StarSymbol"
					style:use-window-font-color="true" fo:font-size="45%" />
			</text:list-level-style-bullet>
			<text:list-level-style-bullet
				text:level="9" text:bullet-char="●">
				<style:list-level-properties
					text:space-before="4.8cm" text:min-label-width="0.6cm" />
				<style:text-properties fo:font-family="StarSymbol"
					style:use-window-font-color="true" fo:font-size="45%" />
			</text:list-level-style-bullet>
			<text:list-level-style-bullet
				text:level="10" text:bullet-char="●">
				<style:list-level-properties
					text:space-before="5.4cm" text:min-label-width="0.6cm" />
				<style:text-properties fo:font-family="StarSymbol"
					style:use-window-font-color="true" fo:font-size="45%" />
			</text:list-level-style-bullet>
		</text:list-style>
	</office:automatic-styles>
	<office:master-styles>
		<draw:layer-set>
			<draw:layer draw:name="layout" />
			<draw:layer draw:name="background" />
			<draw:layer draw:name="backgroundobjects" />
			<draw:layer draw:name="controls" />
			<draw:layer draw:name="measurelines" />
		</draw:layer-set>
		<style:handout-master
			presentation:presentation-page-layout-name="AL0T26"
			style:page-layout-name="PM0" draw:style-name="dp2">
			<draw:frame draw:style-name="gr1" draw:text-style-name="P1"
				draw:layer="backgroundobjects" svg:width="12.888cm" svg:height="1.049cm"
				svg:x="0cm" svg:y="0cm" presentation:class="header">
				<draw:text-box>
					<text:p text:style-name="P1">
						<presentation:header />
					</text:p>
				</draw:text-box>
			</draw:frame>
			<draw:frame draw:style-name="gr1" draw:text-style-name="P2"
				draw:layer="backgroundobjects" svg:width="12.888cm" svg:height="1.049cm"
				svg:x="16.811cm" svg:y="0cm" presentation:class="date-time">
				<draw:text-box>
					<text:p text:style-name="P2">
						<presentation:date-time />
					</text:p>
				</draw:text-box>
			</draw:frame>
			<draw:frame draw:style-name="gr2" draw:text-style-name="P1"
				draw:layer="backgroundobjects" svg:width="12.888cm" svg:height="1.049cm"
				svg:x="0cm" svg:y="19.95cm" presentation:class="footer">
				<draw:text-box>
					<text:p text:style-name="P1">
						<presentation:footer />
					</text:p>
				</draw:text-box>
			</draw:frame>
			<draw:frame draw:style-name="gr2" draw:text-style-name="P2"
				draw:layer="backgroundobjects" svg:width="12.888cm" svg:height="1.049cm"
				svg:x="16.811cm" svg:y="19.95cm" presentation:class="page-number">
				<draw:text-box>
					<text:p text:style-name="P2">
						<text:page-number>&lt;Nummer&gt;</text:page-number></text:p></draw:text-box></draw:frame><draw:page-thumbnail draw:layer="backgroundobjects" svg:width="5.938cm" svg:height="4.453cm" svg:x="2.97cm" svg:y="4.02cm" draw:page-number="1"/><draw:page-thumbnail draw:layer="backgroundobjects" svg:width="5.938cm" svg:height="4.453cm" svg:x="11.88cm" svg:y="4.02cm"/><draw:page-thumbnail draw:layer="backgroundobjects" svg:width="5.938cm" svg:height="4.453cm" svg:x="20.79cm" svg:y="4.02cm"/><draw:page-thumbnail draw:layer="backgroundobjects" svg:width="5.938cm" svg:height="4.453cm" svg:x="2.97cm" svg:y="12.525cm"/><draw:page-thumbnail draw:layer="backgroundobjects" svg:width="5.938cm" svg:height="4.453cm" svg:x="11.88cm" svg:y="12.525cm"/><draw:page-thumbnail draw:layer="backgroundobjects" svg:width="5.938cm" svg:height="4.453cm" svg:x="20.79cm" svg:y="12.525cm"/></style:handout-master><style:master-page style:name="Standard" style:page-layout-name="PM1" draw:style-name="dp1"><office:forms form:automatic-focus="false" form:apply-design-mode="false"/><draw:frame presentation:style-name="Standard-title" draw:layer="backgroundobjects" svg:width="25.199cm" svg:height="3.506cm" svg:x="1.4cm" svg:y="0.837cm" presentation:class="title" presentation:placeholder="true"><draw:text-box/></draw:frame><draw:frame presentation:style-name="Standard-outline1" draw:layer="backgroundobjects" svg:width="25.199cm" svg:height="13.859cm" svg:x="1.4cm" svg:y="4.914cm" presentation:class="outline" presentation:placeholder="true"><draw:text-box/></draw:frame><draw:frame presentation:style-name="pr1" draw:text-style-name="P1" draw:layer="backgroundobjects" svg:width="6.523cm" svg:height="1.448cm" svg:x="1.4cm" svg:y="19.131cm" presentation:class="date-time"><draw:text-box><text:p text:style-name="P1"><presentation:date-time/></text:p></draw:text-box></draw:frame><draw:frame presentation:style-name="pr1" draw:text-style-name="P3" draw:layer="backgroundobjects" svg:width="8.875cm" svg:height="1.448cm" svg:x="9.576cm" svg:y="19.131cm" presentation:class="footer"><draw:text-box><text:p text:style-name="P3"><presentation:footer/></text:p></draw:text-box></draw:frame><draw:frame presentation:style-name="pr1" draw:text-style-name="P2" draw:layer="backgroundobjects" svg:width="6.523cm" svg:height="1.448cm" svg:x="20.075cm" svg:y="19.131cm" presentation:class="page-number"><draw:text-box><text:p text:style-name="P2"><text:page-number>&lt;Nummer&gt;</text:page-number></text:p></draw:text-box></draw:frame><presentation:notes style:page-layout-name="PM2"><office:forms form:automatic-focus="false" form:apply-design-mode="false"/><draw:page-thumbnail presentation:style-name="Standard-title" draw:layer="backgroundobjects" svg:width="14.848cm" svg:height="11.135cm" svg:x="3.075cm" svg:y="2.257cm" presentation:class="page"/><draw:frame presentation:style-name="Standard-notes" draw:layer="backgroundobjects" svg:width="16.799cm" svg:height="13.364cm" svg:x="2.1cm" svg:y="14.107cm" presentation:class="notes" presentation:placeholder="true"><draw:text-box/></draw:frame><draw:frame presentation:style-name="pr2" draw:text-style-name="P1" draw:layer="backgroundobjects" svg:width="9.112cm" svg:height="1.484cm" svg:x="0cm" svg:y="0cm" presentation:class="header"><draw:text-box><text:p text:style-name="P1"><presentation:header/></text:p></draw:text-box></draw:frame><draw:frame presentation:style-name="pr2" draw:text-style-name="P2" draw:layer="backgroundobjects" svg:width="9.112cm" svg:height="1.484cm" svg:x="11.887cm" svg:y="0cm" presentation:class="date-time"><draw:text-box><text:p text:style-name="P2"><presentation:date-time/></text:p></draw:text-box></draw:frame><draw:frame presentation:style-name="pr3" draw:text-style-name="P1" draw:layer="backgroundobjects" svg:width="9.112cm" svg:height="1.484cm" svg:x="0cm" svg:y="28.215cm" presentation:class="footer"><draw:text-box><text:p text:style-name="P1"><presentation:footer/></text:p></draw:text-box></draw:frame><draw:frame presentation:style-name="pr3" draw:text-style-name="P2" draw:layer="backgroundobjects" svg:width="9.112cm" svg:height="1.484cm" svg:x="11.887cm" svg:y="28.215cm" presentation:class="page-number"><draw:text-box><text:p text:style-name="P2"><text:page-number>&lt;Nummer&gt;</text:page-number></text:p></draw:text-box></draw:frame></presentation:notes></style:master-page></office:master-styles></office:document-styles>