<launch4jConfig>
  <dontWrapJar>true</dontWrapJar>
  <headerType>gui</headerType>
  <jar></jar>
  <outfile>PasswordSafeSwt.exe</outfile>
  <errTitle></errTitle>
  <cmdLine></cmdLine>
  <chdir>.</chdir>
  <priority>normal</priority>
  <downloadUrl>http://java.com/download</downloadUrl>
  <supportUrl></supportUrl>
  <customProcName>true</customProcName>
  <stayAlive>true</stayAlive>
  <manifest></manifest>
  <icon>pwsafe.ico</icon>
  <singleInstance>
    <mutexName>jpwsafeswt</mutexName>
    <windowTitle></windowTitle>
  </singleInstance>
  <classPath>
    <mainClass>org.pwsafe.passwordsafeswt.PasswordSafeJFace</mainClass>
    <cp>PasswordSafeSWT.jar</cp>
    <cp>lib/swt.jar</cp>
    <cp>lib/*.jar</cp>
  </classPath>
  <jre>
    <path></path>
    <minVersion>1.5.0</minVersion>
    <maxVersion></maxVersion>
    <jdkPreference>preferJre</jdkPreference>
  </jre>
  <versionInfo>
    <fileVersion>0.8.0.0</fileVersion>
    <txtFileVersion>0.8</txtFileVersion>
    <fileDescription>Java Password Safe SWT</fileDescription>
    <copyright>Artistic Licence 2</copyright>
    <productVersion>0.8.0.0</productVersion>
    <txtProductVersion>0.8</txtProductVersion>
    <productName>PasswordSafeSwt</productName>
    <companyName></companyName>
    <internalName> </internalName>
    <originalFilename>PasswordSafeSwt.exe</originalFilename>
  </versionInfo>
</launch4jConfig>