<?xml version="1.0" encoding="UTF-8" ?>
<!DOCTYPE log4j:configuration SYSTEM "log4j.dtd">

<log4j:configuration>

    <appender name="STDOUT" class="org.apache.log4j.ConsoleAppender">
        <layout class="org.apache.log4j.PatternLayout">
            <param name="ConversionPattern" value="[%-5p] {%t} - %m\n"/>
        </layout>	    
    </appender>
    
    <appender name="logfile" class="org.apache.log4j.FileAppender">
        <param name="File" value="logfile.log" />
        <layout class="org.apache.log4j.PatternLayout">
            <param name="ConversionPattern" value="%d [%-5p] {%t} - %m\n"/>
        </layout>	    
    </appender>

    <logger name="org.pwsafe">
        <level value="debug" />
    </logger>

    <logger name="org.pwsafe.lib">
        <level value="info" />
    </logger>

    <root>
        <priority value ="info" />
        <appender-ref ref="STDOUT" />
        <appender-ref ref="logfile" />
    </root>

</log4j:configuration>
